Date,pre,pet
2000-01-01 00:00:00,0.0,1.37
2000-01-02 00:00:00,0.581145405769348,1.83
2000-01-03 00:00:00,1.0520092248916602,1.84
2000-01-04 00:00:00,0.0,1.64
2000-01-05 00:00:00,0.0323659554123878,1.63
2000-01-06 00:00:00,0.0,0.97
2000-01-07 00:00:00,0.0,1.17
2000-01-08 00:00:00,0.0,1.98
2000-01-09 00:00:00,0.0,0.76
2000-01-10 00:00:00,0.0,1.08
2000-01-11 00:00:00,0.0,1.99
2000-01-12 00:00:00,0.0,1.09
2000-01-13 00:00:00,0.0,1.15
2000-01-14 00:00:00,0.0,1.27
2000-01-15 00:00:00,0.0,1.76
2000-01-16 00:00:00,0.0,0.5
2000-01-17 00:00:00,0.0,1.02
2000-01-18 00:00:00,0.0,1.17
2000-01-19 00:00:00,0.0,1.46
2000-01-20 00:00:00,0.0,1.36
2000-01-21 00:00:00,0.0,1.96
2000-01-22 00:00:00,0.0,1.36
2000-01-23 00:00:00,0.0,1.75
2000-01-24 00:00:00,0.0,2.01
2000-01-25 00:00:00,0.0,2.03
2000-01-26 00:00:00,0.0,2.34
2000-01-27 00:00:00,0.0,0.69
2000-01-28 00:00:00,0.0,0.71
2000-01-29 00:00:00,0.0,1.08
2000-01-30 00:00:00,0.0,1.42
2000-01-31 00:00:00,0.0,1.62
2000-02-01 00:00:00,0.0,1.99
2000-02-02 00:00:00,0.0,2.02
2000-02-03 00:00:00,0.0,2.29
2000-02-04 00:00:00,0.0,2.6
2000-02-05 00:00:00,0.0,2.57
2000-02-06 00:00:00,0.0,3.21
2000-02-07 00:00:00,0.0,3.42
2000-02-08 00:00:00,0.0,1.19
2000-02-09 00:00:00,0.0,1.74
2000-02-10 00:00:00,0.0,2.26
2000-02-11 00:00:00,0.0,2.71
2000-02-12 00:00:00,0.0,2.99
2000-02-13 00:00:00,0.0,2.44
2000-02-14 00:00:00,0.0,1.63
2000-02-15 00:00:00,0.0,1.56
2000-02-16 00:00:00,0.0,2.09
2000-02-17 00:00:00,0.0,2.37
2000-02-18 00:00:00,0.0,2.94
2000-02-19 00:00:00,0.0,2.83
2000-02-20 00:00:00,0.0332980677485466,2.92
2000-02-21 00:00:00,0.15445861220359802,2.71
2000-02-22 00:00:00,7.33302450180054,2.83
2000-02-23 00:00:00,0.130543559789658,2.39
2000-02-24 00:00:00,0.194960594177246,2.21
2000-02-25 00:00:00,0.055295817553997005,1.55
2000-02-26 00:00:00,0.0,2.75
2000-02-27 00:00:00,0.0,2.17
2000-02-28 00:00:00,0.0,2.4
2000-02-29 00:00:00,0.0,2.07
2000-03-01 00:00:00,0.0,2.1
2000-03-02 00:00:00,0.0,2.49
2000-03-03 00:00:00,0.0,3.24
2000-03-04 00:00:00,0.10890074074268302,3.02
2000-03-05 00:00:00,0.839713215827942,3.83
2000-03-06 00:00:00,0.505399405956268,0.93
2000-03-07 00:00:00,8.62642097473145,2.23
2000-03-08 00:00:00,1.8757951259613002,3.08
2000-03-09 00:00:00,0.0985408946871758,2.51
2000-03-10 00:00:00,0.0,2.05
2000-03-11 00:00:00,0.0,2.78
2000-03-12 00:00:00,0.0,2.71
2000-03-13 00:00:00,0.0,3.44
2000-03-14 00:00:00,0.0,3.36
2000-03-15 00:00:00,0.0,3.15
2000-03-16 00:00:00,0.0,3.74
2000-03-17 00:00:00,0.0,3.54
2000-03-18 00:00:00,0.0,4.14
2000-03-19 00:00:00,0.0,3.79
2000-03-20 00:00:00,0.0,4.51
2000-03-21 00:00:00,0.66683965921402,4.26
2000-03-22 00:00:00,0.323855459690094,3.97
2000-03-23 00:00:00,0.0,3.55
2000-03-24 00:00:00,0.0,3.66
2000-03-25 00:00:00,0.0,4.44
2000-03-26 00:00:00,0.0,4.4
2000-03-27 00:00:00,0.0,4.84
2000-03-28 00:00:00,0.22435572743415802,4.82
2000-03-29 00:00:00,0.0,4.35
2000-03-30 00:00:00,0.0,3.75
2000-03-31 00:00:00,0.0,4.82
2000-04-01 00:00:00,0.188810139894485,4.76
2000-04-02 00:00:00,0.0,4.46
2000-04-03 00:00:00,0.0,4.62
2000-04-04 00:00:00,0.0,2.95
2000-04-05 00:00:00,0.145473256707191,2.06
2000-04-06 00:00:00,0.0,4.18
2000-04-07 00:00:00,0.0,4.16
2000-04-08 00:00:00,0.0,4.69
2000-04-09 00:00:00,0.0886315181851387,2.38
2000-04-10 00:00:00,0.0,3.62
2000-04-11 00:00:00,0.0,3.9
2000-04-12 00:00:00,0.0,4.46
2000-04-13 00:00:00,0.0,4.62
2000-04-14 00:00:00,0.0396594144403934,4.11
2000-04-15 00:00:00,0.0,4.33
2000-04-16 00:00:00,0.08884485810995098,5.3
2000-04-17 00:00:00,0.0,4.26
2000-04-18 00:00:00,0.0,4.85
2000-04-19 00:00:00,0.0,6.85
2000-04-20 00:00:00,0.0282765869051218,6.0
2000-04-21 00:00:00,0.0,4.01
2000-04-22 00:00:00,0.0,4.7
2000-04-23 00:00:00,0.0,6.12
2000-04-24 00:00:00,0.0,5.39
2000-04-25 00:00:00,0.0,4.51
2000-04-26 00:00:00,0.0,3.27
2000-04-27 00:00:00,0.0,5.35
2000-04-28 00:00:00,0.0889829248189926,5.58
2000-04-29 00:00:00,0.0,4.53
2000-04-30 00:00:00,0.0,5.17
2000-05-01 00:00:00,0.0,6.65
2000-05-02 00:00:00,0.0,6.3
2000-05-03 00:00:00,0.0,5.38
2000-05-04 00:00:00,0.0,5.45
2000-05-05 00:00:00,0.0,4.88
2000-05-06 00:00:00,0.0410732552409172,4.52
2000-05-07 00:00:00,0.0,5.12
2000-05-08 00:00:00,0.0,4.71
2000-05-09 00:00:00,0.0,4.53
2000-05-10 00:00:00,0.0,5.43
2000-05-11 00:00:00,0.0,5.54
2000-05-12 00:00:00,0.0,3.99
2000-05-13 00:00:00,0.0,4.4
2000-05-14 00:00:00,0.0,4.97
2000-05-15 00:00:00,0.0,6.04
2000-05-16 00:00:00,0.0,6.97
2000-05-17 00:00:00,0.0,4.7
2000-05-18 00:00:00,0.0,3.99
2000-05-19 00:00:00,0.0875279530882835,4.4
2000-05-20 00:00:00,0.0,5.75
2000-05-21 00:00:00,0.0,5.66
2000-05-22 00:00:00,0.0,5.26
2000-05-23 00:00:00,0.0,6.76
2000-05-24 00:00:00,0.0,6.61
2000-05-25 00:00:00,0.0,5.51
2000-05-26 00:00:00,0.0,6.48
2000-05-27 00:00:00,0.0,6.89
2000-05-28 00:00:00,0.0,5.27
2000-05-29 00:00:00,0.0,5.27
2000-05-30 00:00:00,0.0220463760197163,5.62
2000-05-31 00:00:00,0.0,6.9
2000-06-01 00:00:00,1.4532642364502,7.46
2000-06-02 00:00:00,8.43496608734131,8.09
2000-06-03 00:00:00,0.0303788296878338,7.45
2000-06-04 00:00:00,0.0,5.9
2000-06-05 00:00:00,0.0,4.97
2000-06-06 00:00:00,0.0,5.56
2000-06-07 00:00:00,1.0569976568222,5.32
2000-06-08 00:00:00,0.0710154622793198,6.01
2000-06-09 00:00:00,0.18430051207542397,6.63
2000-06-10 00:00:00,0.0,6.0
2000-06-11 00:00:00,0.0,7.7
2000-06-12 00:00:00,0.0,7.48
2000-06-13 00:00:00,0.0,5.01
2000-06-14 00:00:00,0.0,5.51
2000-06-15 00:00:00,0.0,5.03
2000-06-16 00:00:00,0.0,4.21
2000-06-17 00:00:00,3.2455754280090297,4.74
2000-06-18 00:00:00,7.64910745620728,6.53
2000-06-19 00:00:00,5.474047660827639,4.96
2000-06-20 00:00:00,10.5686826705933,4.28
2000-06-21 00:00:00,4.04123306274414,4.87
2000-06-22 00:00:00,4.764593601226809,4.12
2000-06-23 00:00:00,6.0659475326538095,4.91
2000-06-24 00:00:00,7.763567924499509,3.77
2000-06-25 00:00:00,0.0,4.74
2000-06-26 00:00:00,0.0,4.96
2000-06-27 00:00:00,0.39656430482864397,4.42
2000-06-28 00:00:00,9.56390762329102,5.88
2000-06-29 00:00:00,2.5965027809143097,5.12
2000-06-30 00:00:00,9.34564781188965,4.94
2000-07-01 00:00:00,1.77405989170074,6.96
2000-07-02 00:00:00,1.20158267021179,4.88
2000-07-03 00:00:00,1.10139906406403,5.78
2000-07-04 00:00:00,0.6570057272911071,4.1
2000-07-05 00:00:00,0.0,3.57
2000-07-06 00:00:00,0.0,3.66
2000-07-07 00:00:00,1.1741832494735702,4.31
2000-07-08 00:00:00,5.46242427825928,3.63
2000-07-09 00:00:00,0.02816017344594,3.09
2000-07-10 00:00:00,0.711684942245483,4.29
2000-07-11 00:00:00,0.10379046201705901,4.17
2000-07-12 00:00:00,0.17409715056419398,4.64
2000-07-13 00:00:00,0.117265187203884,5.03
2000-07-14 00:00:00,2.79502725601196,4.65
2000-07-15 00:00:00,0.546796083450317,4.51
2000-07-16 00:00:00,1.5472127199173,3.78
2000-07-17 00:00:00,0.5665322542190551,3.83
2000-07-18 00:00:00,0.0429433733224869,4.03
2000-07-19 00:00:00,0.0515972450375557,4.36
2000-07-20 00:00:00,0.0623866245150566,3.97
2000-07-21 00:00:00,0.0765219405293465,4.24
2000-07-22 00:00:00,1.3608124256134,4.53
2000-07-23 00:00:00,6.51059722900391,3.68
2000-07-24 00:00:00,0.0,3.64
2000-07-25 00:00:00,2.35895180702209,4.34
2000-07-26 00:00:00,0.0,4.14
2000-07-27 00:00:00,0.024554293602705002,4.14
2000-07-28 00:00:00,1.8320106267929097,3.58
2000-07-29 00:00:00,2.9183189868927,3.91
2000-07-30 00:00:00,1.28349995613098,3.59
2000-07-31 00:00:00,0.911990940570831,3.32
2000-08-01 00:00:00,0.306495606899261,4.98
2000-08-02 00:00:00,0.0,4.77
2000-08-03 00:00:00,0.111885011196136,4.46
2000-08-04 00:00:00,3.9701163768768297,4.39
2000-08-05 00:00:00,0.352731943130493,5.17
2000-08-06 00:00:00,0.718573451042175,4.92
2000-08-07 00:00:00,13.8864850997925,3.04
2000-08-08 00:00:00,6.64540576934814,3.03
2000-08-09 00:00:00,0.34692126512527505,3.33
2000-08-10 00:00:00,7.05270528793335,4.16
2000-08-11 00:00:00,2.0480928421020503,4.46
2000-08-12 00:00:00,6.734082221984861,4.44
2000-08-13 00:00:00,1.67629551887512,3.49
2000-08-14 00:00:00,1.35368967056274,3.28
2000-08-15 00:00:00,0.5198628306388849,4.29
2000-08-16 00:00:00,0.0,4.62
2000-08-17 00:00:00,1.2879017591476398,3.32
2000-08-18 00:00:00,10.5969772338867,4.14
2000-08-19 00:00:00,0.14543417096138,3.39
2000-08-20 00:00:00,0.0299988575279713,4.4
2000-08-21 00:00:00,8.00229930877686,5.07
2000-08-22 00:00:00,3.02966046333313,4.07
2000-08-23 00:00:00,3.19913220405579,4.09
2000-08-24 00:00:00,2.52592277526855,4.08
2000-08-25 00:00:00,0.289701253175735,4.47
2000-08-26 00:00:00,0.429566085338593,5.31
2000-08-27 00:00:00,6.19960689544678,4.11
2000-08-28 00:00:00,16.0099945068359,2.91
2000-08-29 00:00:00,16.624088287353498,3.74
2000-08-30 00:00:00,7.75827407836914,4.38
2000-08-31 00:00:00,1.69776117801666,4.57
2000-09-01 00:00:00,0.0348750613629818,4.62
2000-09-02 00:00:00,0.0,3.96
2000-09-03 00:00:00,0.0,3.92
2000-09-04 00:00:00,0.0,4.82
2000-09-05 00:00:00,0.387956172227859,5.79
2000-09-06 00:00:00,0.0,5.33
2000-09-07 00:00:00,0.0,4.85
2000-09-08 00:00:00,0.0,5.03
2000-09-09 00:00:00,0.13772314786910997,5.5
2000-09-10 00:00:00,3.40252423286438,4.92
2000-09-11 00:00:00,1.40312194824219,4.66
2000-09-12 00:00:00,0.074775442481041,2.25
2000-09-13 00:00:00,0.0,1.65
2000-09-14 00:00:00,0.0,3.28
2000-09-15 00:00:00,0.0,3.38
2000-09-16 00:00:00,0.0,4.24
2000-09-17 00:00:00,0.0,4.2
2000-09-18 00:00:00,0.0,4.43
2000-09-19 00:00:00,0.0516291335225105,4.38
2000-09-20 00:00:00,0.0861430838704109,4.29
2000-09-21 00:00:00,0.0334383845329285,4.18
2000-09-22 00:00:00,0.0,5.25
2000-09-23 00:00:00,0.0,5.58
2000-09-24 00:00:00,0.0,5.27
2000-09-25 00:00:00,0.0,4.02
2000-09-26 00:00:00,0.0,4.3
2000-09-27 00:00:00,1.90122413635254,4.67
2000-09-28 00:00:00,0.0461510606110096,5.97
2000-09-29 00:00:00,0.8178013563156129,5.2
2000-09-30 00:00:00,0.401478379964828,4.3
2000-10-01 00:00:00,0.0480115786194801,3.32
2000-10-02 00:00:00,0.0,2.76
2000-10-03 00:00:00,0.294316858053207,3.5
2000-10-04 00:00:00,1.65369665622711,3.27
2000-10-05 00:00:00,0.0,2.78
2000-10-06 00:00:00,0.0,2.98
2000-10-07 00:00:00,0.0,2.7
2000-10-08 00:00:00,1.24517333507538,2.98
2000-10-09 00:00:00,2.55189728736877,3.01
2000-10-10 00:00:00,4.04995393753052,3.2
2000-10-11 00:00:00,23.3281269073486,4.57
2000-10-12 00:00:00,43.8580322265625,3.85
2000-10-13 00:00:00,7.37106704711914,3.26
2000-10-14 00:00:00,0.0,3.04
2000-10-15 00:00:00,0.0,3.92
2000-10-16 00:00:00,0.0,3.65
2000-10-17 00:00:00,0.0,3.53
2000-10-18 00:00:00,0.0,2.79
2000-10-19 00:00:00,5.92747926712036,3.24
2000-10-20 00:00:00,19.1311321258545,3.4
2000-10-21 00:00:00,2.10199880599976,3.41
2000-10-22 00:00:00,8.1524715423584,3.45
2000-10-23 00:00:00,39.4199333190918,2.6
2000-10-24 00:00:00,0.0621266886591911,2.77
2000-10-25 00:00:00,0.0,3.72
2000-10-26 00:00:00,0.0457177273929119,3.34
2000-10-27 00:00:00,1.48858189582825,3.22
2000-10-28 00:00:00,9.43707180023193,3.06
2000-10-29 00:00:00,0.0,3.25
2000-10-30 00:00:00,0.0696536600589752,3.56
2000-10-31 00:00:00,3.82793736457825,2.61
2000-11-01 00:00:00,0.0861598551273346,2.46
2000-11-02 00:00:00,0.146591141819954,3.34
2000-11-03 00:00:00,0.343422055244446,5.16
2000-11-04 00:00:00,4.18464708328247,3.02
2000-11-05 00:00:00,6.754146575927731,2.05
2000-11-06 00:00:00,0.8782237768173221,1.91
2000-11-07 00:00:00,16.348340988159197,2.6
2000-11-08 00:00:00,1.31695640087128,3.02
2000-11-09 00:00:00,0.0255348440259695,2.19
2000-11-10 00:00:00,1.57945120334625,1.96
2000-11-11 00:00:00,5.14428663253784,2.55
2000-11-12 00:00:00,1.68316555023193,2.4
2000-11-13 00:00:00,0.0,1.96
2000-11-14 00:00:00,0.0,1.79
2000-11-15 00:00:00,0.0,1.66
2000-11-16 00:00:00,0.0,1.88
2000-11-17 00:00:00,0.0,1.68
2000-11-18 00:00:00,0.0,2.36
2000-11-19 00:00:00,0.0,1.7
2000-11-20 00:00:00,0.0,1.79
2000-11-21 00:00:00,0.0,3.29
2000-11-22 00:00:00,0.0,2.68
2000-11-23 00:00:00,0.0,2.2
2000-11-24 00:00:00,0.0,2.43
2000-11-25 00:00:00,0.0,2.06
2000-11-26 00:00:00,0.0,1.95
2000-11-27 00:00:00,0.0,1.61
2000-11-28 00:00:00,0.0,1.78
2000-11-29 00:00:00,0.0,1.68
2000-11-30 00:00:00,0.0,1.48
2000-12-01 00:00:00,0.0,1.66
2000-12-02 00:00:00,0.0,2.37
2000-12-03 00:00:00,0.0,1.41
2000-12-04 00:00:00,0.0,1.24
2000-12-05 00:00:00,0.0,1.55
2000-12-06 00:00:00,0.0,2.03
2000-12-07 00:00:00,0.0,2.31
2000-12-08 00:00:00,0.0,2.02
2000-12-09 00:00:00,0.0,2.39
2000-12-10 00:00:00,0.0,0.83
2000-12-11 00:00:00,0.0,0.39
2000-12-12 00:00:00,0.0,0.65
2000-12-13 00:00:00,4.45792484283447,1.45
2000-12-14 00:00:00,0.0,0.62
2000-12-15 00:00:00,0.0,0.92
2000-12-16 00:00:00,0.0,1.23
2000-12-17 00:00:00,0.0,1.53
2000-12-18 00:00:00,0.0,1.64
2000-12-19 00:00:00,0.0,1.79
2000-12-20 00:00:00,0.0,1.79
2000-12-21 00:00:00,0.0,1.38
2000-12-22 00:00:00,0.0,1.46
2000-12-23 00:00:00,0.0,1.5
2000-12-24 00:00:00,0.0,1.35
2000-12-25 00:00:00,0.0,1.36
2000-12-26 00:00:00,0.0,1.97
2000-12-27 00:00:00,0.0,1.93
2000-12-28 00:00:00,0.0,1.75
2000-12-29 00:00:00,0.0,1.86
2000-12-30 00:00:00,0.0,1.69
2000-12-31 00:00:00,0.0,1.24
2001-01-01 00:00:00,0.0,1.02
2001-01-02 00:00:00,0.0,1.29
2001-01-03 00:00:00,0.0,1.63
2001-01-04 00:00:00,0.0,1.7
2001-01-05 00:00:00,0.0,1.77
2001-01-06 00:00:00,1.6261991262435902,2.67
2001-01-07 00:00:00,2.87502527236938,1.11
2001-01-08 00:00:00,0.17195752263069197,1.79
2001-01-09 00:00:00,7.80933475494385,1.46
2001-01-10 00:00:00,5.3456125259399405,1.46
2001-01-11 00:00:00,0.0876363217830658,1.12
2001-01-12 00:00:00,1.7489326000213603,1.69
2001-01-13 00:00:00,2.06208825111389,1.27
2001-01-14 00:00:00,0.6941035389900211,1.91
2001-01-15 00:00:00,0.0432966463267803,1.74
2001-01-16 00:00:00,1.30367052555084,1.78
2001-01-17 00:00:00,1.51898646354675,2.04
2001-01-18 00:00:00,1.00194096565247,2.61
2001-01-19 00:00:00,0.0219905488193035,2.42
2001-01-20 00:00:00,0.0,2.73
2001-01-21 00:00:00,0.0,1.69
2001-01-22 00:00:00,0.0,1.83
2001-01-23 00:00:00,0.0,2.39
2001-01-24 00:00:00,0.0,1.98
2001-01-25 00:00:00,0.0,1.5
2001-01-26 00:00:00,0.0346094891428947,1.59
2001-01-27 00:00:00,1.4877449274063101,2.02
2001-01-28 00:00:00,1.4313325881958001,1.67
2001-01-29 00:00:00,2.22897148132324,0.32
2001-01-30 00:00:00,0.342266112565994,0.66
2001-01-31 00:00:00,0.0,1.31
2001-02-01 00:00:00,0.244650602340698,2.06
2001-02-02 00:00:00,0.0,2.42
2001-02-03 00:00:00,0.0,2.66
2001-02-04 00:00:00,0.0,2.6
2001-02-05 00:00:00,0.0,2.39
2001-02-06 00:00:00,0.0,2.83
2001-02-07 00:00:00,0.0341037288308144,2.66
2001-02-08 00:00:00,1.35394215583801,2.76
2001-02-09 00:00:00,0.692369997501373,3.13
2001-02-10 00:00:00,0.33940440416336104,3.3
2001-02-11 00:00:00,0.23921057581901603,2.84
2001-02-12 00:00:00,0.0,2.56
2001-02-13 00:00:00,0.0392228811979294,2.4
2001-02-14 00:00:00,0.196605563163757,1.83
2001-02-15 00:00:00,0.0853434056043625,2.45
2001-02-16 00:00:00,0.366815507411957,2.77
2001-02-17 00:00:00,0.0,2.72
2001-02-18 00:00:00,0.0746107846498489,3.54
2001-02-19 00:00:00,0.0,2.83
2001-02-20 00:00:00,0.0,3.44
2001-02-21 00:00:00,0.0,3.79
2001-02-22 00:00:00,0.0,3.37
2001-02-23 00:00:00,0.0482000559568405,2.0
2001-02-24 00:00:00,2.11383843421936,3.02
2001-02-25 00:00:00,0.377660125494003,3.37
2001-02-26 00:00:00,0.0935892984271049,3.82
2001-02-27 00:00:00,0.23026151955127697,3.16
2001-02-28 00:00:00,2.14179801940918,3.57
2001-03-01 00:00:00,0.235361605882645,1.89
2001-03-02 00:00:00,0.21116498112678503,2.6
2001-03-03 00:00:00,0.0595392808318138,2.46
2001-03-04 00:00:00,0.0335950329899788,3.3
2001-03-05 00:00:00,0.12898260354995697,3.54
2001-03-06 00:00:00,0.0354653373360634,3.24
2001-03-07 00:00:00,2.53372669219971,3.72
2001-03-08 00:00:00,7.71020364761353,3.32
2001-03-09 00:00:00,0.22551758587360396,3.38
2001-03-10 00:00:00,0.0,3.95
2001-03-11 00:00:00,0.117062069475651,2.2
2001-03-12 00:00:00,0.258762866258621,3.74
2001-03-13 00:00:00,0.115770377218723,4.72
2001-03-14 00:00:00,0.0557218007743359,4.8
2001-03-15 00:00:00,0.0,4.06
2001-03-16 00:00:00,0.0,2.31
2001-03-17 00:00:00,0.0,2.18
2001-03-18 00:00:00,0.0,2.25
2001-03-19 00:00:00,0.0,3.21
2001-03-20 00:00:00,0.0,3.8
2001-03-21 00:00:00,0.0,4.16
2001-03-22 00:00:00,0.0,4.32
2001-03-23 00:00:00,0.0,4.64
2001-03-24 00:00:00,0.0,4.47
2001-03-25 00:00:00,0.0394954420626163,4.07
2001-03-26 00:00:00,4.33874988555908,3.6
2001-03-27 00:00:00,0.0,4.91
2001-03-28 00:00:00,0.0,4.61
2001-03-29 00:00:00,0.0,3.76
2001-03-30 00:00:00,0.0224685408174992,4.52
2001-03-31 00:00:00,0.0,5.32
2001-04-01 00:00:00,0.0,5.8
2001-04-02 00:00:00,0.0,4.02
2001-04-03 00:00:00,0.0,4.96
2001-04-04 00:00:00,0.0,5.3
2001-04-05 00:00:00,0.7314026951789859,5.87
2001-04-06 00:00:00,19.797292709350604,5.73
2001-04-07 00:00:00,1.6730051040649399,5.4
2001-04-08 00:00:00,0.0,4.7
2001-04-09 00:00:00,0.0431956611573696,5.13
2001-04-10 00:00:00,0.646687984466553,5.58
2001-04-11 00:00:00,0.78001070022583,1.17
2001-04-12 00:00:00,0.0,4.35
2001-04-13 00:00:00,0.0,4.3
2001-04-14 00:00:00,0.0,5.94
2001-04-15 00:00:00,0.0,5.45
2001-04-16 00:00:00,0.0,4.72
2001-04-17 00:00:00,0.0,5.23
2001-04-18 00:00:00,0.0,4.76
2001-04-19 00:00:00,0.0,4.87
2001-04-20 00:00:00,0.0563883371651173,5.61
2001-04-21 00:00:00,0.0478482022881508,5.67
2001-04-22 00:00:00,1.18288671970367,5.63
2001-04-23 00:00:00,0.0,3.98
2001-04-24 00:00:00,0.0269315540790558,5.61
2001-04-25 00:00:00,0.26599079370498696,3.88
2001-04-26 00:00:00,0.24072222411632502,4.58
2001-04-27 00:00:00,0.13219138979911801,5.4
2001-04-28 00:00:00,0.0508959591388702,5.72
2001-04-29 00:00:00,0.0,4.56
2001-04-30 00:00:00,0.0,5.06
2001-05-01 00:00:00,0.0,4.98
2001-05-02 00:00:00,0.0,5.35
2001-05-03 00:00:00,0.0,5.03
2001-05-04 00:00:00,0.0,4.61
2001-05-05 00:00:00,0.0,6.17
2001-05-06 00:00:00,0.0,5.78
2001-05-07 00:00:00,0.0,6.22
2001-05-08 00:00:00,0.0,5.04
2001-05-09 00:00:00,0.0,4.86
2001-05-10 00:00:00,0.0,5.3
2001-05-11 00:00:00,0.0,4.21
2001-05-12 00:00:00,0.41371345520019503,5.16
2001-05-13 00:00:00,1.85997676849365,6.4
2001-05-14 00:00:00,0.32571154832840005,4.57
2001-05-15 00:00:00,0.0,4.69
2001-05-16 00:00:00,0.0,5.32
2001-05-17 00:00:00,0.0,6.9
2001-05-18 00:00:00,0.0,5.39
2001-05-19 00:00:00,3.26021766662598,6.26
2001-05-20 00:00:00,1.06000828742981,6.17
2001-05-21 00:00:00,0.0,6.63
2001-05-22 00:00:00,0.0751104652881622,5.16
2001-05-23 00:00:00,0.0,4.94
2001-05-24 00:00:00,0.0,5.33
2001-05-25 00:00:00,0.0,5.79
2001-05-26 00:00:00,0.0,6.02
2001-05-27 00:00:00,0.0,5.76
2001-05-28 00:00:00,0.0,5.39
2001-05-29 00:00:00,0.0,5.38
2001-05-30 00:00:00,0.0,5.58
2001-05-31 00:00:00,0.0,7.43
2001-06-01 00:00:00,0.0375979207456112,7.31
2001-06-02 00:00:00,0.0,7.33
2001-06-03 00:00:00,0.0,5.81
2001-06-04 00:00:00,0.0,4.82
2001-06-05 00:00:00,0.0,6.82
2001-06-06 00:00:00,0.0,4.62
2001-06-07 00:00:00,0.0,4.65
2001-06-08 00:00:00,0.0,4.27
2001-06-09 00:00:00,0.0,5.88
2001-06-10 00:00:00,0.0,6.19
2001-06-11 00:00:00,0.0,5.67
2001-06-12 00:00:00,0.0,5.56
2001-06-13 00:00:00,0.0,5.4
2001-06-14 00:00:00,0.0,5.38
2001-06-15 00:00:00,0.0,5.47
2001-06-16 00:00:00,0.0,5.77
2001-06-17 00:00:00,0.0,7.54
2001-06-18 00:00:00,0.0,6.89
2001-06-19 00:00:00,0.0,7.32
2001-06-20 00:00:00,2.29279947280884,7.02
2001-06-21 00:00:00,2.7173490524292006,7.38
2001-06-22 00:00:00,1.57197487354279,6.35
2001-06-23 00:00:00,1.56011760234833,5.65
2001-06-24 00:00:00,0.35663938522338895,4.99
2001-06-25 00:00:00,2.95554113388062,4.45
2001-06-26 00:00:00,1.00956344604492,5.52
2001-06-27 00:00:00,0.039309736341238,5.36
2001-06-28 00:00:00,0.0516053661704063,5.34
2001-06-29 00:00:00,0.34244567155837996,5.24
2001-06-30 00:00:00,0.0355168581008911,3.92
2001-07-01 00:00:00,0.405556261539459,5.6
2001-07-02 00:00:00,0.615963280200958,5.37
2001-07-03 00:00:00,1.83073270320892,4.24
2001-07-04 00:00:00,0.0704528167843819,3.58
2001-07-05 00:00:00,1.8053903579711899,5.54
2001-07-06 00:00:00,15.892901420593299,4.44
2001-07-07 00:00:00,4.1015887260437,5.63
2001-07-08 00:00:00,3.17071485519409,5.25
2001-07-09 00:00:00,1.21788883209229,4.55
2001-07-10 00:00:00,5.50937271118164,4.83
2001-07-11 00:00:00,2.7155966758727996,4.62
2001-07-12 00:00:00,2.21059632301331,3.83
2001-07-13 00:00:00,6.37048101425171,4.32
2001-07-14 00:00:00,2.2126455307006805,3.96
2001-07-15 00:00:00,0.290997803211212,5.07
2001-07-16 00:00:00,4.07362985610962,3.21
2001-07-17 00:00:00,8.74564838409424,3.93
2001-07-18 00:00:00,0.611109137535095,4.4
2001-07-19 00:00:00,0.6226651668548578,5.24
2001-07-20 00:00:00,1.4284291267395,4.95
2001-07-21 00:00:00,1.27091574668884,3.41
2001-07-22 00:00:00,1.8535230159759502,2.99
2001-07-23 00:00:00,1.42387175559998,4.89
2001-07-24 00:00:00,0.8255795240402221,5.55
2001-07-25 00:00:00,9.752565383911131,5.73
2001-07-26 00:00:00,3.8487720489502,4.9
2001-07-27 00:00:00,0.5358427166938781,4.63
2001-07-28 00:00:00,4.12792301177979,2.87
2001-07-29 00:00:00,8.22953605651855,3.95
2001-07-30 00:00:00,5.79872608184814,3.82
2001-07-31 00:00:00,0.0590029060840607,3.89
2001-08-01 00:00:00,4.3106369972228995,4.71
2001-08-02 00:00:00,0.5899890661239621,4.79
2001-08-03 00:00:00,0.660086929798126,5.44
2001-08-04 00:00:00,1.01826620101929,5.15
2001-08-05 00:00:00,7.04809045791626,3.61
2001-08-06 00:00:00,3.6710751056671103,3.19
2001-08-07 00:00:00,0.0753908604383469,3.36
2001-08-08 00:00:00,0.617839813232422,4.15
2001-08-09 00:00:00,0.23782043159008,4.04
2001-08-10 00:00:00,2.67155885696411,5.17
2001-08-11 00:00:00,5.84431457519531,4.8
2001-08-12 00:00:00,11.913311958313,4.77
2001-08-13 00:00:00,2.7682738304138197,4.59
2001-08-14 00:00:00,9.92500591278076,4.7
2001-08-15 00:00:00,1.03201031684875,5.57
2001-08-16 00:00:00,4.1979284286499,5.3
2001-08-17 00:00:00,1.64617466926575,6.32
2001-08-18 00:00:00,5.7366247177124,5.27
2001-08-19 00:00:00,1.4911954402923602,4.14
2001-08-20 00:00:00,1.05299174785614,4.21
2001-08-21 00:00:00,0.165557235479355,4.2
2001-08-22 00:00:00,0.0,4.28
2001-08-23 00:00:00,0.0,4.41
2001-08-24 00:00:00,0.0,3.67
2001-08-25 00:00:00,0.0275564827024937,3.98
2001-08-26 00:00:00,0.0,3.89
2001-08-27 00:00:00,0.0,3.81
2001-08-28 00:00:00,0.0382887683808804,4.07
2001-08-29 00:00:00,1.22437036037445,3.85
2001-08-30 00:00:00,14.9096736907959,3.56
2001-08-31 00:00:00,0.20980903506279,3.46
2001-09-01 00:00:00,0.136709123849869,3.71
2001-09-02 00:00:00,0.239181250333786,3.13
2001-09-03 00:00:00,0.0,1.97
2001-09-04 00:00:00,0.0273223761469126,2.27
2001-09-05 00:00:00,0.0,4.16
2001-09-06 00:00:00,0.0,4.09
2001-09-07 00:00:00,0.0,3.45
2001-09-08 00:00:00,0.0,2.18
2001-09-09 00:00:00,0.0,1.5
2001-09-10 00:00:00,0.0,3.9
2001-09-11 00:00:00,0.0,4.31
2001-09-12 00:00:00,0.12439145147800398,3.89
2001-09-13 00:00:00,11.7505559921265,3.19
2001-09-14 00:00:00,9.6388053894043,4.24
2001-09-15 00:00:00,6.40104675292969,3.77
2001-09-16 00:00:00,3.5472526550293,3.77
2001-09-17 00:00:00,0.197661399841309,3.71
2001-09-18 00:00:00,0.0,3.15
2001-09-19 00:00:00,0.0,3.54
2001-09-20 00:00:00,0.0,0.79
2001-09-21 00:00:00,0.0,2.35
2001-09-22 00:00:00,0.0,3.53
2001-09-23 00:00:00,0.0,4.22
2001-09-24 00:00:00,0.0,4.36
2001-09-25 00:00:00,0.0,4.37
2001-09-26 00:00:00,0.0,3.57
2001-09-27 00:00:00,0.0,4.43
2001-09-28 00:00:00,0.0,3.79
2001-09-29 00:00:00,0.0,3.87
2001-09-30 00:00:00,0.505960583686829,3.67
2001-10-01 00:00:00,3.23654294013977,4.66
2001-10-02 00:00:00,0.791906237602234,4.52
2001-10-03 00:00:00,0.7734444141387941,3.24
2001-10-04 00:00:00,6.87392330169678,3.02
2001-10-05 00:00:00,0.0410451516509056,2.56
2001-10-06 00:00:00,0.227918595075607,1.96
2001-10-07 00:00:00,2.17645978927612,2.96
2001-10-08 00:00:00,0.5988245606422421,3.57
2001-10-09 00:00:00,4.29662036895752,3.26
2001-10-10 00:00:00,0.0,3.34
2001-10-11 00:00:00,0.0279803238809109,2.79
2001-10-12 00:00:00,0.0,3.6
2001-10-13 00:00:00,0.0,3.01
2001-10-14 00:00:00,0.0,2.65
2001-10-15 00:00:00,0.0,3.15
2001-10-16 00:00:00,0.0,3.37
2001-10-17 00:00:00,0.0,3.12
2001-10-18 00:00:00,0.0,3.74
2001-10-19 00:00:00,0.0,2.53
2001-10-20 00:00:00,0.0,2.11
2001-10-21 00:00:00,0.0,1.99
2001-10-22 00:00:00,0.0,2.62
2001-10-23 00:00:00,0.0,3.62
2001-10-24 00:00:00,0.0,2.79
2001-10-25 00:00:00,0.0,2.67
2001-10-26 00:00:00,0.0,3.18
2001-10-27 00:00:00,0.0,2.58
2001-10-28 00:00:00,0.0,1.94
2001-10-29 00:00:00,0.0,1.45
2001-10-30 00:00:00,0.0,2.35
2001-10-31 00:00:00,0.0,2.5
2001-11-01 00:00:00,0.0,2.87
2001-11-02 00:00:00,0.0,3.59
2001-11-03 00:00:00,0.0,2.09
2001-11-04 00:00:00,0.0282995160669088,2.0
2001-11-05 00:00:00,0.233644172549248,2.2
2001-11-06 00:00:00,0.6113499402999879,3.0
2001-11-07 00:00:00,0.837617695331573,2.26
2001-11-08 00:00:00,0.0,2.78
2001-11-09 00:00:00,0.0,3.15
2001-11-10 00:00:00,0.0,2.2
2001-11-11 00:00:00,0.0,2.57
2001-11-12 00:00:00,0.0,2.46
2001-11-13 00:00:00,0.200237318873405,2.74
2001-11-14 00:00:00,2.35740900039673,1.79
2001-11-15 00:00:00,0.0,1.47
2001-11-16 00:00:00,0.0,2.08
2001-11-17 00:00:00,0.0,2.0
2001-11-18 00:00:00,0.0,2.19
2001-11-19 00:00:00,0.0,2.1
2001-11-20 00:00:00,0.0,2.5
2001-11-21 00:00:00,0.0,2.01
2001-11-22 00:00:00,0.0,1.77
2001-11-23 00:00:00,0.0,2.15
2001-11-24 00:00:00,0.0,2.65
2001-11-25 00:00:00,0.0,1.66
2001-11-26 00:00:00,0.0,2.41
2001-11-27 00:00:00,0.0,1.98
2001-11-28 00:00:00,0.0,2.13
2001-11-29 00:00:00,0.0,1.61
2001-11-30 00:00:00,0.0,1.82
2001-12-01 00:00:00,0.0,1.94
2001-12-02 00:00:00,0.0,1.85
2001-12-03 00:00:00,0.0202891565859318,1.89
2001-12-04 00:00:00,0.914303421974182,1.73
2001-12-05 00:00:00,1.10516571998596,2.13
2001-12-06 00:00:00,0.0,1.44
2001-12-07 00:00:00,0.053198616951704004,1.58
2001-12-08 00:00:00,0.0,1.9
2001-12-09 00:00:00,0.0,2.2
2001-12-10 00:00:00,0.0,3.23
2001-12-11 00:00:00,1.7253669500350999,1.08
2001-12-12 00:00:00,5.74615240097046,1.8
2001-12-13 00:00:00,0.844289898872375,0.72
2001-12-14 00:00:00,0.439205795526505,1.29
2001-12-15 00:00:00,2.15026760101318,1.2
2001-12-16 00:00:00,3.74535512924194,1.22
2001-12-17 00:00:00,0.0424248985946178,1.69
2001-12-18 00:00:00,0.0435019358992577,1.55
2001-12-19 00:00:00,0.0,1.79
2001-12-20 00:00:00,0.0,1.36
2001-12-21 00:00:00,0.0,1.83
2001-12-22 00:00:00,0.0,1.52
2001-12-23 00:00:00,0.0,1.52
2001-12-24 00:00:00,0.0,1.6
2001-12-25 00:00:00,0.0,1.86
2001-12-26 00:00:00,0.0,1.52
2001-12-27 00:00:00,0.0,1.4
2001-12-28 00:00:00,0.0,0.98
2001-12-29 00:00:00,0.0,1.26
2001-12-30 00:00:00,0.0,1.26
2001-12-31 00:00:00,0.0,1.85
2002-01-01 00:00:00,0.0,2.29
2002-01-02 00:00:00,0.0,1.88
2002-01-03 00:00:00,0.0,2.23
2002-01-04 00:00:00,0.0,1.72
2002-01-05 00:00:00,0.0,2.18
2002-01-06 00:00:00,0.0,1.79
2002-01-07 00:00:00,0.0,2.63
2002-01-08 00:00:00,0.0,1.94
2002-01-09 00:00:00,0.0,2.42
2002-01-10 00:00:00,0.0,1.88
2002-01-11 00:00:00,0.0,2.79
2002-01-12 00:00:00,0.0,2.12
2002-01-13 00:00:00,0.0,2.4
2002-01-14 00:00:00,0.0,2.19
2002-01-15 00:00:00,0.0,2.34
2002-01-16 00:00:00,0.0,2.14
2002-01-17 00:00:00,0.0,2.12
2002-01-18 00:00:00,0.0,1.78
2002-01-19 00:00:00,0.0,2.22
2002-01-20 00:00:00,0.0,2.71
2002-01-21 00:00:00,0.0,2.71
2002-01-22 00:00:00,0.0,2.16
2002-01-23 00:00:00,0.25150877237319896,2.1
2002-01-24 00:00:00,0.36979907751083396,2.33
2002-01-25 00:00:00,0.0,2.52
2002-01-26 00:00:00,0.0,2.42
2002-01-27 00:00:00,0.0,2.33
2002-01-28 00:00:00,1.29314291477203,2.3
2002-01-29 00:00:00,1.7433284521102899,3.88
2002-01-30 00:00:00,1.05191433429718,3.64
2002-01-31 00:00:00,2.21366262435913,1.8
2002-02-01 00:00:00,0.135507851839066,2.1
2002-02-02 00:00:00,0.34473738074302696,2.24
2002-02-03 00:00:00,6.15990972518921,1.92
2002-02-04 00:00:00,6.35000276565552,2.25
2002-02-05 00:00:00,1.8355598449706998,1.8
2002-02-06 00:00:00,0.15802848339080802,2.35
2002-02-07 00:00:00,0.0,2.74
2002-02-08 00:00:00,0.0,3.33
2002-02-09 00:00:00,0.0,3.56
2002-02-10 00:00:00,0.0,2.87
2002-02-11 00:00:00,0.0,2.75
2002-02-12 00:00:00,0.0383878126740456,3.76
2002-02-13 00:00:00,0.0,3.38
2002-02-14 00:00:00,0.0,3.87
2002-02-15 00:00:00,0.0,3.81
2002-02-16 00:00:00,0.0,3.42
2002-02-17 00:00:00,0.0,3.37
2002-02-18 00:00:00,0.13716833293438,3.45
2002-02-19 00:00:00,0.719272792339325,3.48
2002-02-20 00:00:00,0.0,3.01
2002-02-21 00:00:00,0.0,3.75
2002-02-22 00:00:00,0.0,2.65
2002-02-23 00:00:00,0.0,3.0
2002-02-24 00:00:00,0.0,2.21
2002-02-25 00:00:00,0.0,3.33
2002-02-26 00:00:00,0.0,3.92
2002-02-27 00:00:00,0.0,3.87
2002-02-28 00:00:00,0.0,1.63
2002-03-01 00:00:00,0.0,2.55
2002-03-02 00:00:00,0.0,2.86
2002-03-03 00:00:00,0.0,2.97
2002-03-04 00:00:00,0.0,3.21
2002-03-05 00:00:00,0.0,3.59
2002-03-06 00:00:00,0.0,4.1
2002-03-07 00:00:00,0.0,3.07
2002-03-08 00:00:00,0.0686842352151871,3.76
2002-03-09 00:00:00,0.10279089212417598,3.66
2002-03-10 00:00:00,0.0,3.98
2002-03-11 00:00:00,0.0,4.1
2002-03-12 00:00:00,0.0,3.98
2002-03-13 00:00:00,0.0,3.96
2002-03-14 00:00:00,0.0,5.02
2002-03-15 00:00:00,0.0,3.93
2002-03-16 00:00:00,0.0,5.09
2002-03-17 00:00:00,0.0,4.91
2002-03-18 00:00:00,0.0,3.86
2002-03-19 00:00:00,0.13438156247139,4.0
2002-03-20 00:00:00,0.0,4.96
2002-03-21 00:00:00,0.0,4.7
2002-03-22 00:00:00,0.0,3.9
2002-03-23 00:00:00,0.0,3.54
2002-03-24 00:00:00,0.0,3.95
2002-03-25 00:00:00,0.04851233959198,5.63
2002-03-26 00:00:00,0.0,4.49
2002-03-27 00:00:00,0.0,4.09
2002-03-28 00:00:00,0.0,4.05
2002-03-29 00:00:00,0.0,5.78
2002-03-30 00:00:00,0.0,5.33
2002-03-31 00:00:00,0.0,6.1
2002-04-01 00:00:00,0.0,5.36
2002-04-02 00:00:00,0.0,3.94
2002-04-03 00:00:00,0.0,4.72
2002-04-04 00:00:00,0.0,4.31
2002-04-05 00:00:00,0.0,5.23
2002-04-06 00:00:00,0.0,4.98
2002-04-07 00:00:00,0.034769419580698,4.38
2002-04-08 00:00:00,0.0,5.12
2002-04-09 00:00:00,0.0,5.48
2002-04-10 00:00:00,0.0,5.39
2002-04-11 00:00:00,0.0,6.89
2002-04-12 00:00:00,0.0,5.9
2002-04-13 00:00:00,0.0,4.92
2002-04-14 00:00:00,0.0,5.05
2002-04-15 00:00:00,0.0,5.84
2002-04-16 00:00:00,0.0,5.25
2002-04-17 00:00:00,0.0,3.24
2002-04-18 00:00:00,0.0,3.2
2002-04-19 00:00:00,0.0,3.83
2002-04-20 00:00:00,0.0,4.77
2002-04-21 00:00:00,0.0,6.15
2002-04-22 00:00:00,0.0,6.41
2002-04-23 00:00:00,0.0,5.55
2002-04-24 00:00:00,0.0,6.9
2002-04-25 00:00:00,0.0,5.81
2002-04-26 00:00:00,0.0,5.12
2002-04-27 00:00:00,0.0,5.77
2002-04-28 00:00:00,0.0,5.56
2002-04-29 00:00:00,0.0,6.24
2002-04-30 00:00:00,0.0,5.94
2002-05-01 00:00:00,0.0,4.45
2002-05-02 00:00:00,0.0,4.6
2002-05-03 00:00:00,0.0,6.35
2002-05-04 00:00:00,0.0,6.56
2002-05-05 00:00:00,0.0,7.6
2002-05-06 00:00:00,0.0,5.37
2002-05-07 00:00:00,0.0,4.99
2002-05-08 00:00:00,0.0,5.62
2002-05-09 00:00:00,0.0,6.85
2002-05-10 00:00:00,0.0,7.35
2002-05-11 00:00:00,0.0,5.28
2002-05-12 00:00:00,0.0,6.02
2002-05-13 00:00:00,0.0,6.78
2002-05-14 00:00:00,0.0,5.5
2002-05-15 00:00:00,0.0,6.01
2002-05-16 00:00:00,0.0,6.55
2002-05-17 00:00:00,0.0,7.49
2002-05-18 00:00:00,0.0,7.25
2002-05-19 00:00:00,0.0,7.4
2002-05-20 00:00:00,0.0,7.02
2002-05-21 00:00:00,0.0,6.85
2002-05-22 00:00:00,0.0,6.26
2002-05-23 00:00:00,0.0,4.97
2002-05-24 00:00:00,0.0,4.51
2002-05-25 00:00:00,0.0,6.37
2002-05-26 00:00:00,0.0,5.22
2002-05-27 00:00:00,0.0,5.67
2002-05-28 00:00:00,0.0,4.72
2002-05-29 00:00:00,0.0,5.19
2002-05-30 00:00:00,0.0,7.28
2002-05-31 00:00:00,0.0,6.53
2002-06-01 00:00:00,0.0,6.35
2002-06-02 00:00:00,0.0,6.79
2002-06-03 00:00:00,0.0,7.19
2002-06-04 00:00:00,0.293255746364594,7.36
2002-06-05 00:00:00,0.0,6.93
2002-06-06 00:00:00,0.0,7.03
2002-06-07 00:00:00,0.0,6.41
2002-06-08 00:00:00,0.0,5.51
2002-06-09 00:00:00,0.0,6.41
2002-06-10 00:00:00,0.0,6.9
2002-06-11 00:00:00,0.0,5.99
2002-06-12 00:00:00,0.0,6.36
2002-06-13 00:00:00,0.0,7.85
2002-06-14 00:00:00,0.0,7.92
2002-06-15 00:00:00,0.0,7.21
2002-06-16 00:00:00,0.0,6.17
2002-06-17 00:00:00,0.0,6.13
2002-06-18 00:00:00,0.0,4.93
2002-06-19 00:00:00,0.0,5.1
2002-06-20 00:00:00,0.0,7.0
2002-06-21 00:00:00,0.0,7.07
2002-06-22 00:00:00,0.0,6.73
2002-06-23 00:00:00,0.0,6.77
2002-06-24 00:00:00,0.0,6.83
2002-06-25 00:00:00,0.0,7.67
2002-06-26 00:00:00,0.0,7.65
2002-06-27 00:00:00,0.106772780418396,6.56
2002-06-28 00:00:00,0.103134945034981,6.29
2002-06-29 00:00:00,0.0,6.73
2002-06-30 00:00:00,0.22017689049243902,7.17
2002-07-01 00:00:00,0.0,5.89
2002-07-02 00:00:00,0.0,5.92
2002-07-03 00:00:00,0.0,3.48
2002-07-04 00:00:00,0.0,4.18
2002-07-05 00:00:00,0.0,4.37
2002-07-06 00:00:00,0.0,3.78
2002-07-07 00:00:00,0.0,4.15
2002-07-08 00:00:00,0.323927193880081,4.72
2002-07-09 00:00:00,4.98486804962158,4.39
2002-07-10 00:00:00,2.89668345451355,5.15
2002-07-11 00:00:00,0.17923977971077,5.03
2002-07-12 00:00:00,0.8968957662582401,5.01
2002-07-13 00:00:00,0.39644825458526595,4.29
2002-07-14 00:00:00,0.626173377037048,3.12
2002-07-15 00:00:00,7.19430923461914,5.14
2002-07-16 00:00:00,3.73468017578125,5.93
2002-07-17 00:00:00,3.61416363716125,6.18
2002-07-18 00:00:00,4.528443336486821,5.29
2002-07-19 00:00:00,3.2621982097625697,5.54
2002-07-20 00:00:00,3.50078392028809,4.73
2002-07-21 00:00:00,0.3520069420337679,4.79
2002-07-22 00:00:00,5.3040471076965305,5.66
2002-07-23 00:00:00,5.96195125579834,6.68
2002-07-24 00:00:00,4.6076331138610795,4.7
2002-07-25 00:00:00,0.7955752611160279,5.76
2002-07-26 00:00:00,1.34199142456055,5.13
2002-07-27 00:00:00,10.979917526245101,2.9
2002-07-28 00:00:00,4.593652725219731,5.01
2002-07-29 00:00:00,0.500446379184723,4.6
2002-07-30 00:00:00,0.428623616695404,4.18
2002-07-31 00:00:00,0.130079060792923,2.93
2002-08-01 00:00:00,0.315650880336761,2.23
2002-08-02 00:00:00,10.5866918563843,3.75
2002-08-03 00:00:00,5.04750967025757,3.78
2002-08-04 00:00:00,5.5006628036499,4.25
2002-08-05 00:00:00,4.8785982131958,4.78
2002-08-06 00:00:00,4.78093576431274,4.35
2002-08-07 00:00:00,0.8865791559219359,4.6
2002-08-08 00:00:00,0.338898748159409,4.83
2002-08-09 00:00:00,1.65454649925232,3.75
2002-08-10 00:00:00,0.680154025554657,5.42
2002-08-11 00:00:00,2.85808134078979,3.9
2002-08-12 00:00:00,0.0,3.94
2002-08-13 00:00:00,0.0,2.96
2002-08-14 00:00:00,0.0,3.43
2002-08-15 00:00:00,0.0,4.78
2002-08-16 00:00:00,0.54405277967453,4.74
2002-08-17 00:00:00,0.706535935401917,3.88
2002-08-18 00:00:00,1.3586537837982198,2.74
2002-08-19 00:00:00,4.45208263397217,3.82
2002-08-20 00:00:00,0.5375869870185851,3.56
2002-08-21 00:00:00,0.37775331735611,3.67
2002-08-22 00:00:00,0.0,4.5
2002-08-23 00:00:00,0.0,4.3
2002-08-24 00:00:00,0.0,3.65
2002-08-25 00:00:00,0.0,3.14
2002-08-26 00:00:00,0.0,4.07
2002-08-27 00:00:00,0.0,5.15
2002-08-28 00:00:00,0.9406788945198059,4.01
2002-08-29 00:00:00,7.31615686416626,4.56
2002-08-30 00:00:00,0.382727175951004,5.77
2002-08-31 00:00:00,1.03040766716003,5.19
2002-09-01 00:00:00,0.7416225075721741,4.4
2002-09-02 00:00:00,1.06616461277008,4.55
2002-09-03 00:00:00,0.589253604412079,3.8
2002-09-04 00:00:00,0.560253739356995,2.73
2002-09-05 00:00:00,0.174199715256691,3.06
2002-09-06 00:00:00,1.9368007183074998,4.23
2002-09-07 00:00:00,2.16776633262634,1.77
2002-09-08 00:00:00,5.84175157546997,4.43
2002-09-09 00:00:00,7.91515588760376,4.74
2002-09-10 00:00:00,5.1285119056701705,3.33
2002-09-11 00:00:00,3.42407274246216,4.49
2002-09-12 00:00:00,0.257934361696243,5.08
2002-09-13 00:00:00,2.2321372032165496,4.73
2002-09-14 00:00:00,0.0,4.18
2002-09-15 00:00:00,0.0,1.9
2002-09-16 00:00:00,0.0,0.56
2002-09-17 00:00:00,0.0,1.2
2002-09-18 00:00:00,0.0,1.92
2002-09-19 00:00:00,0.0,3.19
2002-09-20 00:00:00,0.0,3.11
2002-09-21 00:00:00,0.0,2.94
2002-09-22 00:00:00,0.0,3.3
2002-09-23 00:00:00,0.0,3.91
2002-09-24 00:00:00,0.0,3.91
2002-09-25 00:00:00,0.0,3.54
2002-09-26 00:00:00,0.0,2.99
2002-09-27 00:00:00,0.0282750930637121,3.52
2002-09-28 00:00:00,0.33268424868583696,3.51
2002-09-29 00:00:00,0.0289273597300053,3.91
2002-09-30 00:00:00,0.203641653060913,4.03
2002-10-01 00:00:00,0.12513504922389998,3.94
2002-10-02 00:00:00,0.12239751964807499,4.44
2002-10-03 00:00:00,0.06960536539554599,4.49
2002-10-04 00:00:00,0.0,4.51
2002-10-05 00:00:00,0.0,3.31
2002-10-06 00:00:00,0.0,3.69
2002-10-07 00:00:00,2.44900465011597,1.98
2002-10-08 00:00:00,4.6831545829772905,2.66
2002-10-09 00:00:00,0.0,3.13
2002-10-10 00:00:00,0.0,3.32
2002-10-11 00:00:00,0.0,4.08
2002-10-12 00:00:00,0.0,3.5
2002-10-13 00:00:00,0.0,3.93
2002-10-14 00:00:00,0.0,3.67
2002-10-15 00:00:00,0.0,3.62
2002-10-16 00:00:00,0.0,2.46
2002-10-17 00:00:00,0.0,3.72
2002-10-18 00:00:00,0.0,2.9
2002-10-19 00:00:00,0.10160134732723199,2.73
2002-10-20 00:00:00,0.0,2.18
2002-10-21 00:00:00,2.0000159740448002,2.9
2002-10-22 00:00:00,0.0,3.02
2002-10-23 00:00:00,0.0,3.02
2002-10-24 00:00:00,0.0,2.99
2002-10-25 00:00:00,0.0,3.58
2002-10-26 00:00:00,0.0,2.81
2002-10-27 00:00:00,0.9361362457275391,2.49
2002-10-28 00:00:00,2.96040678024292,3.1
2002-10-29 00:00:00,0.143007427453995,3.34
2002-10-30 00:00:00,0.0,3.75
2002-10-31 00:00:00,0.0,4.17
2002-11-01 00:00:00,0.0,2.08
2002-11-02 00:00:00,0.0,2.45
2002-11-03 00:00:00,0.0,2.8
2002-11-04 00:00:00,0.0,2.59
2002-11-05 00:00:00,0.0,2.8
2002-11-06 00:00:00,0.0,2.01
2002-11-07 00:00:00,0.0,3.1
2002-11-08 00:00:00,0.0,2.07
2002-11-09 00:00:00,0.0,3.55
2002-11-10 00:00:00,0.0,2.49
2002-11-11 00:00:00,0.0,2.47
2002-11-12 00:00:00,0.0,2.12
2002-11-13 00:00:00,0.0,2.56
2002-11-14 00:00:00,0.0,2.53
2002-11-15 00:00:00,0.0,1.94
2002-11-16 00:00:00,0.0,2.0
2002-11-17 00:00:00,0.0,1.9
2002-11-18 00:00:00,0.0,1.78
2002-11-19 00:00:00,0.0,2.41
2002-11-20 00:00:00,0.0,1.9
2002-11-21 00:00:00,0.0,2.4
2002-11-22 00:00:00,0.0,2.7
2002-11-23 00:00:00,0.0,2.76
2002-11-24 00:00:00,0.22109143435955,1.99
2002-11-25 00:00:00,0.0378495901823044,2.28
2002-11-26 00:00:00,0.348784536123276,2.66
2002-11-27 00:00:00,0.8863259553909301,1.92
2002-11-28 00:00:00,0.118434347212315,2.54
2002-11-29 00:00:00,0.467335850000381,2.35
2002-11-30 00:00:00,4.07727146148682,1.86
2002-12-01 00:00:00,0.9871460199356079,1.98
2002-12-02 00:00:00,1.4559257030487098,1.46
2002-12-03 00:00:00,9.223164558410641,0.14
2002-12-04 00:00:00,0.19524565339088398,1.13
2002-12-05 00:00:00,0.147024005651474,0.73
2002-12-06 00:00:00,0.0,1.69
2002-12-07 00:00:00,0.0,1.69
2002-12-08 00:00:00,0.0,1.85
2002-12-09 00:00:00,0.0,1.76
2002-12-10 00:00:00,0.0,1.92
2002-12-11 00:00:00,0.0,2.48
2002-12-12 00:00:00,0.0,0.92
2002-12-13 00:00:00,0.0,1.38
2002-12-14 00:00:00,0.0,1.47
2002-12-15 00:00:00,0.0,1.61
2002-12-16 00:00:00,0.0,1.26
2002-12-17 00:00:00,0.8711940050125121,0.51
2002-12-18 00:00:00,5.9643988609314,1.04
2002-12-19 00:00:00,0.228592365980148,1.28
2002-12-20 00:00:00,0.0,1.82
2002-12-21 00:00:00,0.0339738614857197,1.74
2002-12-22 00:00:00,0.7866192460060121,1.68
2002-12-23 00:00:00,4.37387275695801,1.67
2002-12-24 00:00:00,1.47660386562347,3.09
2002-12-25 00:00:00,0.159970372915268,1.73
2002-12-26 00:00:00,0.0,1.43
2002-12-27 00:00:00,0.0,1.44
2002-12-28 00:00:00,0.0,1.64
2002-12-29 00:00:00,0.10333134233951598,2.58
2002-12-30 00:00:00,0.254475861787796,2.62
2002-12-31 00:00:00,0.0,1.69
